"kind","geom","name","cx_pt","cy_pt","w_pt","h_pt","rot","text"
"sp","rect","직사각형 6","217.15","229.29","373.6","141.37","0",""
"pic","","내용 개체 틀 4","217.6","84.04","373.6","134.8","0",""
"sp","rect","TextBox 13","380.04","286.93","10.73","12.12","0","X-"
"sp","rect","TextBox 16","47.04","286.93","13.88","12.12","0","X+"
"cxnSp","straightConnector1","직선 화살표 연결선 17","214.33","286.93","320.69","0","0",""
"cxnSp","straightConnector1","직선 화살표 연결선 18","394.75","232.95","0","81.16","0",""
"sp","rect","TextBox 19","394.75","186.31","13.51","12.12","0","Y+"
"sp","rect","TextBox 20","394.75","279.59","10.35","12.12","0","Y-"
"sp","rect","직사각형 100","212.94","227.2","79.59","435.86","270",""
"sp","roundRect","사각형: 둥근 모서리 110","372.29","227.2","20.82","91.84","0",""
"sp","rect","TextBox 111","372.74","188.54","12.75","14.54","0","GR1 (HP)"
"sp","roundRect","사각형: 둥근 모서리 109","375.1","226.24","5.85","9.29","90",""
"sp","roundRect","사각형: 둥근 모서리 106","53.59","227.2","20.82","91.84","0",""
"sp","rect","TextBox 107","54.03","188.54","12.75","14.54","0","GR2 (OP)"
"sp","roundRect","사각형: 둥근 모서리 105","56.39","228.16","5.85","9.29","90",""
"pic","rect","그림 124","90.98","373.63","119.65","107.75","0",""
"sp","rect","TextBox 38","77.17","171.6","74.34","10.91","0","입고 1 : Stack 422"
"sp","rect","TextBox 41","79.1","313.15","98.96","10.91","0","Palletizing Pattern size"
"sp","rect","TextBox 42","128.37","422.46","42.16","7.27","0","1600Wx1600D"
"sp","rect","직사각형 43","246.84","253.5","14.96","34.22","90",""
"sp","rect","직사각형 44","246.76","272.95","14.96","34.22","90",""
"sp","rect","직사각형 45","236.7","263.22","34.4","13.94","90",""
"sp","rect","직사각형 51","151.84","253.5","14.96","34.22","90",""
"sp","rect","직사각형 52","151.76","272.95","14.96","34.22","90",""
"sp","rect","직사각형 53","141.7","263.22","34.4","13.94","90",""
"sp","flowChartSummingJunction","순서도: 가산 접합 3","160.98","252.62","7.65","7.65","0",""
"sp","flowChartSummingJunction","순서도: 가산 접합 57","256.98","252.62","7.65","7.65","0",""
"sp","rect","TextBox 58","113.29","9.25","164.97","10.91","0","입고  1 Zone Gantry Robot Cell Layout"
"graphicFrame","","표 522","585.5","44.16","150.22","28.8","0","구분 순서 입고 (HP) 1    2(p3)"
"sp","rect","TextBox 523","493.68","9.23","123.19","10.91","0","Palletizing Pattern (HP  입고 )"
"sp","rect","직사각형 524","552.79","274.27","242.64","516.98","0",""
"sp","roundRect","사각형: 둥근 모서리 516","471.04","54.46","70.87","70.87","270",""
"sp","ellipse","타원 519","485.52","69.2","37.82","37.82","0","C#1"
"sp","ellipse","타원 597","456.56","39.72","37.82","37.82","0","C#2 3↘️"
"sp","rect","TextBox 598","584.57","22.82","147.33","8.48","0","Pattern 2 (814 ~ 937)"
"graphicFrame","","표 600","585.5","118.93","150.22","28.8","0","구분 순서 입고 (HP) 1    2(p3)   3 (p1)"
"sp","rect","TextBox 604","584.57","97.59","147.33","8.48","0","Pattern 3 (756 ~ 813)"
"graphicFrame","","표 606","585.5","193.21","150.22","28.8","0","구분 순서 입고 (HP) 1    2(p5)   3 (p2)  4  (p3)"
"sp","rect","TextBox 610","584.57","171.87","147.33","8.48","0","Pattern 4 (663 ~ 755)"
"graphicFrame","","표 612","585.5","270.08","150.22","36","0","구분 순서 입고 ( HP) 1    2    3(p2)    4(p1)    5(p3)"
"sp","rect","TextBox 616","584.57","245.14","147.33","8.48","0","Pattern 5 (601 ~ 622)"
"graphicFrame","","표 618","585.5","343.85","150.22","36","0","구분 순서 입고 ( HP) 1    2(p1)    3(p3)    4(p2)    5(p1)    6(p3)"
"sp","rect","TextBox 622","584.57","318.91","147.33","8.48","0","Pattern 6 (546 ~ 600)"
"sp","roundRect","사각형: 둥근 모서리 623","471.04","422.97","70.87","70.87","0",""
"graphicFrame","","표 624","585.5","417.12","150.22","36","0","구분 순서 입고 ( HP) 1   2   3(p2)   4 (p1)   5 (p3)   6 (p2)   7 (p1)  8  (p3)"
"sp","rect","TextBox 628","584.57","392.18","147.33","8.48","0","Pattern 8 (521 ~ 545)"
"sp","roundRect","사각형: 둥근 모서리 629","471.04","496.67","70.87","70.87","0",""
"graphicFrame","","표 630","585.5","493.99","150.22","43.2","0","구분 순서 입고 ( HP) 1   2(p5) 3(p5)  4(p2)  5(p3)  6(p3)  7(p2)  8(p3)  9(p3)"
"sp","rect","TextBox 634","584.57","465.45","147.33","8.48","0","Pattern 9 (~520)"
"sp","roundRect","사각형: 둥근 모서리 599","471.04","128.16","70.87","70.87","270",""
"sp","ellipse","타원 648","463.58","112.31","34.64","34.64","0","C#2 3↘️"
"sp","ellipse","타원 649","454.97","145.48","34.64","34.64","0","C#3 1↗️"
"sp","ellipse","타원 650","488.93","136.72","34.64","34.64","0","C#1"
"sp","roundRect","사각형: 둥근 모서리 605","471.04","201.86","70.87","70.87","270",""
"sp","ellipse","타원 664","453.72","219.51","34.64","34.64","0","C#3 2→"
"sp","ellipse","타원 665","453.72","184.38","34.64","34.64","0","C#4 3↘️"
"sp","ellipse","타원 666","489.08","219.51","34.64","34.64","0","C#1"
"sp","ellipse","타원 667","489.08","184.38","34.64","34.64","0","C#2 5↓️"
"sp","roundRect","사각형: 둥근 모서리 611","471.04","275.57","70.87","70.87","270",""
"sp","ellipse","타원 668","451.46","294.42","25.93","25.93","0","C#4 1↗️"
"sp","ellipse","타원 670","490.99","294.42","25.93","25.93","0","C#1"
"sp","ellipse","타원 669","451.46","257.06","25.93","25.93","0","C#5 3↘️"
"sp","ellipse","타원 671","490.99","257.06","25.93","25.93","0","C#2"
"sp","ellipse","타원 672","471.02","275.57","25.93","25.93","0","C#3 2→"
"sp","roundRect","사각형: 둥근 모서리 617","470.76","349.27","70.87","70.87","270",""
"sp","ellipse","타원 675","479.38","371.04","22.68","22.68","0","C#2 1↗️"
"sp","ellipse","타원 678","479.38","327.49","22.68","22.68","0","C#33↘️"
"sp","ellipse","타원 681","456.09","371.04","22.68","22.68","0","C#5 1↗️"
"sp","ellipse","타원 682","456.09","327.49","22.68","22.68","0","C#63↘️"
"sp","ellipse","타원 133","466.25","349.19","22.68","22.68","0","C#42→"
"sp","ellipse","타원 134","489.9","349.19","22.68","22.68","0","C#1"
"sp","ellipse","타원 136","471.04","438.4","22.68","22.68","0","C#4 1↗️"
"sp","ellipse","타원 137","471.04","407.54","22.68","22.68","0","C#5 3↘️"
"sp","ellipse","타원 135","453.83","422.97","22.68","22.68","0","C#6 2→"
"sp","ellipse","타원 138","488.25","422.97","22.68","22.68","0","C#3 2→"
"sp","ellipse","타원 140","448.96","400.96","22.68","22.68","0","C#8 3↘️"
"sp","ellipse","타원 141","493.05","400.29","22.68","22.68","0","C#2"
"sp","ellipse","타원 142","448.96","445.68","22.68","22.68","0","C#7 1↗️"
"sp","ellipse","타원 143","493.05","445.01","22.68","22.68","0","C#1"
"sp","ellipse","타원 151","448.43","473.39","22.68","22.68","0","C#9 3↘️ ️"
"sp","ellipse","타원 152","493.93","473.39","22.68","22.68","0","C#3 5↓️ ️"
"sp","ellipse","타원 155","471.18","473.39","22.68","22.68","0","C#6 3↘️ ️"
"sp","ellipse","타원 157","448.43","496.67","22.68","22.68","0","C#8 3↘️ ️"
"sp","ellipse","타원 158","493.93","496.67","22.68","22.68","0","C#2 5↓️"
"sp","ellipse","타원 159","471.18","496.67","22.68","22.68","0","C#5 3↘️"
"sp","ellipse","타원 161","448.43","519.96","22.68","22.68","0","C#7 2→️ ️"
"sp","ellipse","타원 162","493.93","519.96","22.68","22.68","0","C#1"
"sp","ellipse","타원 163","471.18","519.96","22.68","22.68","0","C#4 2→️"
"graphicFrame","","표 129","254.08","216.75","57.09","51.44","0","3↘️ 5↓️ ↙️8 2→ ←️7 1↗️ 4↑ 6↖️"
"graphicFrame","","표 129","158.09","216.26","57.09","51.44","0","3↘️ 5↓️ ↙️8 2→ ←️7 1↗️ 4↑ 6↖️"
"graphicFrame","","표 178","848.09","44.35","150.22","28.8","0","구분 순서 입고 (OP) 2    1(p6)"
"sp","roundRect","사각형: 둥근 모서리 180","733.63","54.64","70.87","70.87","270",""
"sp","ellipse","타원 182","748.12","69.38","37.82","37.82","0","C#1 6↖️"
"sp","ellipse","타원 183","719.15","39.9","37.82","37.82","0","C#2"
"sp","rect","TextBox 184","847.17","23.01","147.33","8.48","0","Pattern 2 (814 ~ 937)"
"graphicFrame","","표 185","848.09","126.32","150.22","43.2","0","구분 순서 입고 (OP) 3    2(p8)   1 (p6) 입고 (OP) 2(p8)   1 (p6)"
"sp","rect","TextBox 186","847.17","97.78","147.33","8.48","0","Pattern 3 (756 ~ 813)"
"graphicFrame","","표 187","848.09","193.39","150.22","28.8","0","구분 순서 입고 (OP) 4   3 (45)   2 (p7)   1 ( p6 )"
"sp","rect","TextBox 188","847.17","172.05","147.33","8.48","0","Pattern 4 (663 ~ 755)"
"graphicFrame","","표 189","848.09","277.46","150.22","50.4","0","구분 순서 입고 (OP) 5  4    3(p7)   2 ( p8 )   1 ( p6 )"
"sp","rect","TextBox 190","847.17","245.32","147.33","8.48","0","Pattern 5 (601 ~ 622)"
"graphicFrame","","표 191","848.09","344.03","150.22","36","0","구분 순서 입고 (OP) 6   5    4(p7)   3 ( p8 )   2 ( p6 )    1(7)"
"sp","rect","TextBox 192","847.17","319.09","147.33","8.48","0","Pattern 6 (546 ~ 600)"
"sp","roundRect","사각형: 둥근 모서리 193","733.63","423.15","70.87","70.87","0",""
"graphicFrame","","표 194","848.09","417.3","150.22","36","0","구분 순서 입고 (OP) 8   7  6 (p7)   5 ( p8 )   4 ( p6 )   3 ( p7 )   2 ( p8 )   1 ( p6 )"
"sp","rect","TextBox 195","847.17","392.36","147.33","8.48","0","Pattern 8 (521 ~ 545)"
"sp","roundRect","사각형: 둥근 모서리 196","733.63","496.86","70.87","70.87","0",""
"graphicFrame","","표 197","848.09","494.17","150.22","43.2","0","구분 순서 입고 (OP) 9   8 ( p4 )   7 ( p4 )   6 ( p7 )   5 ( p6 )   4 ( p6 )   3 (p7)   2 ( p6 )   1 ( p6 )"
"sp","rect","TextBox 198","847.17","465.63","147.33","8.48","0","Pattern 9 (~520)"
"sp","roundRect","사각형: 둥근 모서리 200","733.63","128.34","70.87","70.87","270",""
"sp","ellipse","타원 201","726.18","112.49","34.64","34.64","0","C#2 ↙️8"
"sp","ellipse","타원 202","717.56","145.66","34.64","34.64","0","C#3"
"sp","ellipse","타원 203","751.52","136.9","34.64","34.64","0","C#1 6↖️"
"sp","roundRect","사각형: 둥근 모서리 205","733.63","202.05","70.87","70.87","270",""
"sp","ellipse","타원 206","716.32","219.69","34.64","34.64","0","C#3 4↑️"
"sp","ellipse","타원 207","716.32","184.56","34.64","34.64","0","C#4  ️"
"sp","ellipse","타원 208","751.67","219.69","34.64","34.64","0","C#1 6↖️"
"sp","ellipse","타원 209","751.67","184.56","34.64","34.64","0","C#2 ←️7"
"sp","roundRect","사각형: 둥근 모서리 210","733.63","275.75","70.87","70.87","270",""
"sp","ellipse","타원 211","714.06","294.61","25.93","25.93","0","C#4"
"sp","ellipse","타원 212","753.58","294.61","25.93","25.93","0","C#1 6↖️"
"sp","ellipse","타원 213","714.06","257.24","25.93","25.93","0","C#5"
"sp","ellipse","타원 214","753.58","257.24","25.93","25.93","0","C#2 ↙️8"
"sp","ellipse","타원 215","733.62","275.75","25.93","25.93","0","C#3 ←️7"
"sp","roundRect","사각형: 둥근 모서리 216","733.36","349.45","70.87","70.87","270",""
"sp","ellipse","타원 217","741.98","371.22","22.68","22.68","0","C#2  6↖️"
"sp","ellipse","타원 218","741.98","327.67","22.68","22.68","0","C#3 ↙️8"
"sp","ellipse","타원 219","718.68","371.22","22.68","22.68","0","C#5"
"sp","ellipse","타원 220","718.68","327.67","22.68","22.68","0","C#6️"
"sp","ellipse","타원 221","728.85","349.37","22.68","22.68","0","C#4 ←️7"
"sp","ellipse","타원 222","752.5","349.37","22.68","22.68","0","C#1 ←️7"
"sp","ellipse","타원 224","733.63","438.59","22.68","22.68","0","C#4 6↖️"
"sp","ellipse","타원 225","733.63","407.72","22.68","22.68","0","C#5 ↙️8"
"sp","ellipse","타원 227","716.43","423.15","22.68","22.68","0","C#6 ←️7"
"sp","ellipse","타원 228","750.84","423.15","22.68","22.68","0","C#3 ←️7"
"sp","ellipse","타원 229","711.56","401.14","22.68","22.68","0","C#8"
"sp","ellipse","타원 230","755.65","400.48","22.68","22.68","0","C#2 ↙️8"
"sp","ellipse","타원 231","711.56","445.86","22.68","22.68","0","C#7"
"sp","ellipse","타원 232","755.65","445.19","22.68","22.68","0","C#1 6↖️"
"sp","ellipse","타원 243","711.02","473.57","22.68","22.68","0","C#9"
"sp","ellipse","타원 244","756.52","473.57","22.68","22.68","0","C#3 ←️7"
"sp","ellipse","타원 245","733.77","473.57","22.68","22.68","0","C#6 ←️7"
"sp","ellipse","타원 240","711.02","496.86","22.68","22.68","0","C#8 4 ↑ ️ ️"
"sp","ellipse","타원 241","756.52","496.86","22.68","22.68","0","C#2 6↖️"
"sp","ellipse","타원 242","733.77","496.86","22.68","22.68","0","C#5 6↖️"
"sp","ellipse","타원 237","711.02","520.14","22.68","22.68","0","C#7 4 ↑ ️"
"sp","ellipse","타원 238","756.52","520.14","22.68","22.68","0","C#1  ️ 6↖️"
"sp","ellipse","타원 239","733.77","520.14","22.68","22.68","0","C#4  ️ 6↖️"
"sp","rect","직사각형 246","814.98","273.85","242.64","516.98","0",""
"sp","rect","TextBox 247","755.7","9.56","123.32","10.91","0","Palletizing Pattern (OP  입고 )"
"sp","rect","TextBox 254","196.29","310.22","48.85","10.91","0","Drag-in Dir"
"graphicFrame","","표 129","200.86","345.47","57.09","51.44","0","3↘️ 5↓️ ↙️8 2→ ←️7 1↗️ 4↑ 6↖️"
"sp","rect","TextBox 256","284.79","310.44","56.93","10.91","0","Drag-Out Dir"
"graphicFrame","","표 129","285.32","345.7","57.09","51.44","0","3↖️ 5↑️ ↗️8 2←️ →7 1↙️ 4↓️ ↘️6"
"sp","rect","직사각형 258","200.71","345.81","67.34","83.46","0",""
"sp","rect","TextBox 248","218.95","375.85","20.45","8.48","0","@Pick"
"sp","rect","TextBox 249","301.93","375.7","23.86","8.48","0","@Drop"
"sp","rect","직사각형 251","284.79","346.48","64.92","83.29","0",""
"sp","plus","십자형 252","284.79","346.12","56.11","56.11","45",""
"sp","rect","TextBox 12","397.94","126.41","41.55","13.33","0","zero point"
"sp","halfFrame","1/2 액자 11","387.25","125.83","4.67","4.67","0",""
